{
  "civil": [
    "civil",
    "contrato",
    "obligacion",
    "obligación",
    "propiedad",
    "posesion",
    "posesión",
    "familia",
    "sucesion",
    "sucesión",
    "nulidad",
    "indemnizacion",
    "indemnización",
    "arrendamiento",
    "hipoteca",
    "usufructo"
  ],
  "penal": [
    "penal",
    "delito",
    "crimen",
    "acusacion",
    "acusación",
    "robo",
    "homicidio",
    "violencia",
    "lesiones",
    "violacion",
    "violación",
    "condena",
    "acusado",
    "prision",
    "prisión",
    "feminicidio",
    "corrupcion",
    "corrupción",
    "lavado de activos"
  ],
  "laboral": [
    "laboral",
    "trabajo",
    "sindicato",
    "despido",
    "jornada",
    "indemnizacion",
    "indemnización",
    "remuneracion",
    "remuneración",
    "salario",
    "cts",
    "essalud",
    "negociacion colectiva",
    "contrato laboral",
    "hostigamiento laboral"
  ],
  "constitucional": [
    "constitucion",
    "constitución",
    "derechos fundamentales",
    "amparo",
    "habeas corpus",
    "habeas data",
    "accion popular",
    "tribunal constitucional",
    "tc",
    "libertad de expresion",
    "libertad de expresión"
  ],
  "administrativo": [
    "administrativo",
    "sunat",
    "sunafil",
    "municipalidad",
    "osce",
    "acto administrativo",
    "nulidad",
    "sancionador",
    "resolucion administrativa",
    "procedimiento administrativo"
  ],
  "tributario": [
    "tributario",
    "impuesto",
    "igv",
    "renta",
    "sunat",
    "arancel",
    "aduana",
    "tributacion",
    "tributación",
    "evasión",
    "evasion"
  ],
  "comercial": [
    "comercial",
    "sociedad",
    "empresa",
    "accionista",
    "acciones",
    "pacto social",
    "contrato mercantil",
    "quiebra",
    "insolvencia",
    "titulo valor",
    "título valor",
    "factura negociable"
  ],
  "procesal": [
    "procesal",
    "proceso",
    "demanda",
    "contestacion",
    "contestación",
    "sentencia",
    "apelacion",
    "apelación",
    "casacion",
    "casación",
    "ejecucion",
    "ejecución",
    "cautelar"
  ],
  "internacional": [
    "internacional",
    "tratado",
    "extradicion",
    "extradición",
    "diplomatico",
    "diplomático",
    "acuerdo internacional",
    "corte idh",
    "onu",
    "derecho internacional privado",
    "derecho internacional público"
  ],
  "informatico": [
    "informatico",
    "informático",
    "ciberseguridad",
    "hacking",
    "phishing",
    "delito informatico",
    "delito informático",
    "proteccion de datos",
    "protección de datos",
    "datos personales",
    "privacidad",
    "blockchain",
    "firma digital",
    "delitos cibernéticos"
  ]
}
